{
  "images" : [
    {
      "idiom" : "universal",
      "filename" : "baseline_edit_black_36pt_1x.png",
      "scale" : "1x"
    },
    {
      "idiom" : "universal",
      "filename" : "baseline_edit_black_36pt_2x.png",
      "scale" : "2x"
    },
    {
      "idiom" : "universal",
      "filename" : "baseline_edit_black_36pt_3x.png",
      "scale" : "3x"
    }
  ],
  "info" : {
    "version" : 1,
    "author" : "xcode"
  },
  "properties" : {
    "preserves-vector-representation" : true
  }
}